<!--****** MONITORED HOSTS ******-->
<monitored-host-system host-name="" load-generator="false" uid="NeoLoad">
    <embedded-action>61f03b41-adb4-4b6b-a50e-25f9a66e53af</embedded-action>
</monitored-host-system>
<!--****** END MONITORED HOSTS ******-->
<!--****** MONITOR CONNECTIONS ******-->
<connection-system interval="1000" name="NeoLoad" server-port="0" uid="61f03b41-adb4-4b6b-a50e-25f9a66e53af">
    <monitor-category name="Default" short-display-name="Default">
        <monitor-wrapped-statistic callTime="ON_BENCH" computing="0"
            format="NUMBER" name="UserLoad" sampling="0" unit=""/>
        <monitor-wrapped-statistic callTime="ON_BENCH" computing="0"
            format="NUMBER" name="throughput" sampling="0" unit="Mb/s"/>
        <monitor-wrapped-statistic callTime="ON_BENCH" computing="0"
            format="NUMBER" name="Alerts" sampling="0" unit=""/>
        <monitor-wrapped-statistic callTime="ON_BENCH" computing="0"
            format="NUMBER" name="CriticalAlerts" sampling="0" unit=""/>
        <monitor-wrapped-statistic callTime="ON_BENCH" computing="0"
            format="NUMBER" name="WarningAlerts" sampling="0" unit=""/>
        <monitor-wrapped-statistic callTime="ON_BENCH" computing="0"
            format="NUMBER" name="cpu" sampling="0"
            threshold="ed76441a-4692-4c86-80d4-c0b11d8e9f8d" unit="%"/>
        <monitor-wrapped-statistic callTime="ON_BENCH" computing="0"
            format="NUMBER" name="memory" sampling="0"
            threshold="8f36b332-bced-4c7b-875a-d7f1f24bb4d5" unit="%"/>
        <monitor-wrapped-statistic callTime="ON_BENCH" computing="0"
            format="NUMBER" name="threadcount" sampling="0" unit=""/>
        <monitor-category name="Load Generator Connections" short-display-name="Load Generator Connections">
            <monitor-wrapped-statistic callTime="ON_BENCH" computing="0"
                format="NUMBER" name="connectedlg" sampling="0" unit=""/>
            <monitor-wrapped-statistic callTime="ON_BENCH" computing="0"
                format="NUMBER" name="totallgdisconnections"
                sampling="0"
                threshold="7fba8113-bb3f-49ad-9a8e-562dfa36509f" unit=""/>
            <monitor-wrapped-statistic callTime="ON_BENCH" computing="0"
                format="NUMBER" name="totallgreconnections" sampling="0" unit=""/>
        </monitor-category>
        <monitor-category name="Network" short-display-name="Network">
            <monitor-wrapped-statistic callTime="ON_BENCH" computing="0"
                format="NUMBER" name="otcp.NeoLoad" sampling="0" unit=""/>
            <monitor-wrapped-statistic callTime="ON_BENCH" computing="0"
                format="NUMBER" name="tcp.NeoLoad" sampling="0" unit=""/>
            <monitor-category name="net4 (TAP-Windows Adapter V9)" short-display-name="net4 (TAP-Windows Adapter V9)">
                <monitor-wrapped-statistic callTime="ON_BENCH"
                    computing="0" format="NUMBER"
                    name="ibytesperinterface~NeoLoad~net4" sampling="0" unit="Mb/s"/>
                <monitor-wrapped-statistic callTime="ON_BENCH"
                    computing="0" format="NUMBER"
                    name="obytesperinterface~NeoLoad~net4" sampling="0" unit="Mb/s"/>
            </monitor-category>
            <monitor-category
                name="wlan4 (Intel(R) Wireless-AC 9560 160MHz)" short-display-name="wlan4 (Intel(R) Wireless-AC 9560 160MHz)">
                <monitor-wrapped-statistic callTime="ON_BENCH"
                    computing="0" format="NUMBER"
                    name="ibytesperinterface~NeoLoad~wlan4" sampling="0" unit="Mb/s"/>
                <monitor-wrapped-statistic callTime="ON_BENCH"
                    computing="0" format="NUMBER"
                    name="obytesperinterface~NeoLoad~wlan4" sampling="0" unit="Mb/s"/>
            </monitor-category>
            <monitor-category
                name="wlan2 (Microsoft Wi-Fi Direct Virtual Adapter #3)" short-display-name="wlan2 (Microsoft Wi-Fi Direct Virtual Adapter #3)">
                <monitor-wrapped-statistic callTime="ON_BENCH"
                    computing="0" format="NUMBER"
                    name="ibytesperinterface~NeoLoad~wlan2" sampling="0" unit="Mb/s"/>
                <monitor-wrapped-statistic callTime="ON_BENCH"
                    computing="0" format="NUMBER"
                    name="obytesperinterface~NeoLoad~wlan2" sampling="0" unit="Mb/s"/>
            </monitor-category>
        </monitor-category>
        <monitor-category name="NeoLoad Web" short-display-name="NeoLoad Web">
            <monitor-wrapped-statistic callTime="ON_BENCH" computing="0"
                format="NUMBER" name="nlwebdownload" sampling="0" unit=""/>
            <monitor-wrapped-statistic callTime="ON_BENCH" computing="0"
                format="NUMBER" name="nlwebupload" sampling="0" unit=""/>
        </monitor-category>
        <monitor-wrapped-statistic callTime="ON_BENCH" computing="0"
            format="NUMBER" name="SapUserLoad" sampling="0" unit=""/>
        <monitor-wrapped-statistic callTime="ON_BENCH" computing="0"
            format="NUMBER" name="CitrixUserLoad" sampling="0" unit=""/>
    </monitor-category>
    <threshold enabled="true" uid="ed76441a-4692-4c86-80d4-c0b11d8e9f8d">
        <threshold-condition durationKind="SECONDS" durationNumber="15"
            operator="GREATER_THAN" severity="LOW" valueMax="Infinity" valueMin="80.0">
            <threshold-comment language="en">
                <threshold-content>Controller CPU high.</threshold-content>
            </threshold-comment>
            <threshold-comment language="fr">
                <threshold-content>CPU du Contrôleur surchargé.</threshold-content>
            </threshold-comment>
        </threshold-condition>
        <threshold-condition durationKind="SECONDS" durationNumber="15"
            operator="GREATER_THAN" severity="HIGH" valueMax="Infinity" valueMin="90.0">
            <threshold-comment language="en">
                <threshold-content>Controller CPU high.</threshold-content>
            </threshold-comment>
            <threshold-comment language="fr">
                <threshold-content>CPU du Contrôleur surchargé.</threshold-content>
            </threshold-comment>
        </threshold-condition>
    </threshold>
    <threshold enabled="true" uid="8f36b332-bced-4c7b-875a-d7f1f24bb4d5">
        <threshold-condition durationKind="SECONDS" durationNumber="15"
            operator="GREATER_THAN" severity="LOW" valueMax="Infinity" valueMin="80.0">
            <threshold-comment language="en">
                <threshold-content>Too high amount of memory used</threshold-content>
            </threshold-comment>
            <threshold-comment language="fr">
                <threshold-content>Quantité de mémoire en cours d'utilisation élevée</threshold-content>
            </threshold-comment>
        </threshold-condition>
        <threshold-condition durationKind="SECONDS" durationNumber="15"
            operator="GREATER_THAN" severity="HIGH" valueMax="Infinity" valueMin="90.0">
            <threshold-comment language="en">
                <threshold-content>Too high amount of memory used</threshold-content>
            </threshold-comment>
            <threshold-comment language="fr">
                <threshold-content>Quantité de mémoire en cours d'utilisation élevée</threshold-content>
            </threshold-comment>
        </threshold-condition>
    </threshold>
    <threshold enabled="true" uid="7fba8113-bb3f-49ad-9a8e-562dfa36509f">
        <threshold-condition durationKind="NB_OF_TIMES"
            durationNumber="1" operator="GREATER_THAN" severity="LOW"
            valueMax="Infinity" valueMin="1.0">
            <threshold-comment language="en">
                <threshold-content>Load Generator Diconnected &gt;=1</threshold-content>
            </threshold-comment>
            <threshold-comment language="fr">
                <threshold-content>Injecteur  déconnecté &gt;= 1</threshold-content>
            </threshold-comment>
        </threshold-condition>
    </threshold>
</connection-system>
<!--****** END MONITOR CONNECTIONS ******-->
<!--****** DASHBOARDS  ******-->
<!--****** END DASHBOARDS  ******-->
<!--****** RESULTS GRAPH DESC TEMPLATES ******-->
<charts-templates-description name="template.customs"/>
